{
	"credit": "Made by arKanSMC with blockbench",
	"parent": "block/block",
	"ambientocclusion": false,
	"textures": {
		"3": "block/beacon_light",
		"glass": "block/glass",
		"particle": "block/glass",
		"obsidian": "block/obsidian",
		"beacon": "block/beacon"
	},
	"elements": [
		{
			"name": "Glass shell",
			"from": [0, 0, 0],
			"to": [16, 16, 16],
			"faces": {
				"north": {"uv": [0, 0, 16, 16], "texture": "#glass"},
				"east": {"uv": [0, 0, 16, 16], "texture": "#glass"},
				"south": {"uv": [0, 0, 16, 16], "texture": "#glass"},
				"west": {"uv": [0, 0, 16, 16], "texture": "#glass"},
				"up": {"uv": [0, 0, 16, 16], "texture": "#glass"},
				"down": {"uv": [0, 0, 16, 16], "texture": "#glass"}
			}
		},
		{
			"name": "Obsidian base",
			"from": [3, 0.1, 3],
			"to": [13, 2, 13],
			"faces": {
				"north": {"uv": [3, 0, 13, 3], "texture": "#obsidian"},
				"east": {"uv": [3, 13, 13, 16], "texture": "#obsidian"},
				"south": {"uv": [3, 13, 13, 16], "texture": "#obsidian"},
				"west": {"uv": [3, 0, 13, 3], "texture": "#obsidian"},
				"up": {"uv": [3, 3, 13, 13], "texture": "#obsidian"},
				"down": {"uv": [3, 3, 13, 13], "texture": "#obsidian"}
			}
		},
		{
			"name": "Inner beacon texture",
			"from": [4, 2, 4],
			"to": [12, 12, 12],
			"faces": {
				"north": {"uv": [1, 1, 15, 15], "texture": "#beacon"},
				"east": {"uv": [1, 1, 15, 15], "texture": "#beacon"},
				"south": {"uv": [1, 1, 15, 15], "texture": "#beacon"},
				"west": {"uv": [1, 1, 15, 15], "texture": "#beacon"},
				"up": {"uv": [2, 2, 14, 14], "texture": "#beacon"},
				"down": {"uv": [3, 3, 13, 13], "texture": "#beacon"}
			}
		},
		{
			"from": [2, 7, 2],
			"to": [3, 8, 13],
			"rotation": {"angle": 0, "axis": "y", "origin": [8, 10, 8]},
			"faces": {
				"north": {"uv": [0, 0, 8, 8], "texture": "#3"},
				"east": {"uv": [0, 0, 8, 8], "texture": "#3"},
				"south": {"uv": [0, 0, 8, 8], "texture": "#3"},
				"west": {"uv": [0, 0, 8, 8], "texture": "#3"},
				"up": {"uv": [0, 0, 8, 8], "texture": "#3"},
				"down": {"uv": [0, 0, 8, 8], "texture": "#3"}
			}
		},
		{
			"from": [2, 7, 13],
			"to": [13, 8, 14],
			"rotation": {"angle": 0, "axis": "y", "origin": [8, 10, 8]},
			"faces": {
				"north": {"uv": [0, 0, 8, 8], "texture": "#3"},
				"east": {"uv": [0, 0, 8, 8], "texture": "#3"},
				"south": {"uv": [0, 0, 8, 8], "texture": "#3"},
				"west": {"uv": [0, 0, 8, 8], "texture": "#3"},
				"up": {"uv": [0, 0, 8, 8], "texture": "#3"},
				"down": {"uv": [0, 0, 8, 8], "texture": "#3"}
			}
		},
		{
			"from": [13, 7, 3],
			"to": [14, 8, 14],
			"rotation": {"angle": 0, "axis": "y", "origin": [8, 10, 8]},
			"faces": {
				"north": {"uv": [0, 0, 8, 8], "texture": "#3"},
				"east": {"uv": [0, 0, 8, 8], "texture": "#3"},
				"south": {"uv": [0, 0, 8, 8], "texture": "#3"},
				"west": {"uv": [0, 0, 8, 8], "texture": "#3"},
				"up": {"uv": [0, 0, 8, 8], "texture": "#3"},
				"down": {"uv": [0, 0, 8, 8], "texture": "#3"}
			}
		},
		{
			"from": [3, 7, 2],
			"to": [14, 8, 3],
			"rotation": {"angle": 0, "axis": "y", "origin": [8, 10, 8]},
			"faces": {
				"north": {"uv": [0, 0, 8, 8], "texture": "#3"},
				"east": {"uv": [0, 0, 8, 8], "texture": "#3"},
				"south": {"uv": [0, 0, 8, 8], "texture": "#3"},
				"west": {"uv": [0, 0, 8, 8], "texture": "#3"},
				"up": {"uv": [0, 0, 8, 8], "texture": "#3"},
				"down": {"uv": [0, 0, 8, 8], "texture": "#3"}
			}
		},
		{
			"from": [2, 7, 2],
			"to": [3, 8, 13],
			"rotation": {"angle": 22.5, "axis": "y", "origin": [8, 10, 8]},
			"faces": {
				"north": {"uv": [0, 8, 8, 16], "texture": "#3"},
				"east": {"uv": [0, 8, 8, 16], "texture": "#3"},
				"south": {"uv": [0, 8, 8, 16], "texture": "#3"},
				"west": {"uv": [0, 8, 8, 16], "texture": "#3"},
				"up": {"uv": [0, 8, 8, 16], "texture": "#3"},
				"down": {"uv": [0, 8, 8, 16], "texture": "#3"}
			}
		},
		{
			"from": [2, 7, 13],
			"to": [13, 8, 14],
			"rotation": {"angle": 22.5, "axis": "y", "origin": [8, 10, 8]},
			"faces": {
				"north": {"uv": [0, 8, 8, 16], "texture": "#3"},
				"east": {"uv": [0, 8, 8, 16], "texture": "#3"},
				"south": {"uv": [0, 8, 8, 16], "texture": "#3"},
				"west": {"uv": [0, 8, 8, 16], "texture": "#3"},
				"up": {"uv": [0, 8, 8, 16], "texture": "#3"},
				"down": {"uv": [0, 8, 8, 16], "texture": "#3"}
			}
		},
		{
			"from": [13, 7, 3],
			"to": [14, 8, 14],
			"rotation": {"angle": 22.5, "axis": "y", "origin": [8, 10, 8]},
			"faces": {
				"north": {"uv": [0, 8, 8, 16], "texture": "#3"},
				"east": {"uv": [0, 8, 8, 16], "texture": "#3"},
				"south": {"uv": [0, 8, 8, 16], "texture": "#3"},
				"west": {"uv": [0, 8, 8, 16], "texture": "#3"},
				"up": {"uv": [0, 8, 8, 16], "texture": "#3"},
				"down": {"uv": [0, 8, 8, 16], "texture": "#3"}
			}
		},
		{
			"from": [3, 7, 2],
			"to": [14, 8, 3],
			"rotation": {"angle": 22.5, "axis": "y", "origin": [8, 10, 8]},
			"faces": {
				"north": {"uv": [0, 8, 8, 16], "texture": "#3"},
				"east": {"uv": [0, 8, 8, 16], "texture": "#3"},
				"south": {"uv": [0, 8, 8, 16], "texture": "#3"},
				"west": {"uv": [0, 8, 8, 16], "texture": "#3"},
				"up": {"uv": [0, 8, 8, 16], "texture": "#3"},
				"down": {"uv": [0, 8, 8, 16], "texture": "#3"}
			}
		},
		{
			"from": [2, 7, 2],
			"to": [3, 8, 13],
			"rotation": {"angle": 45, "axis": "y", "origin": [8, 10, 8]},
			"faces": {
				"north": {"uv": [8, 8, 16, 16], "texture": "#3"},
				"east": {"uv": [8, 8, 16, 16], "texture": "#3"},
				"south": {"uv": [8, 8, 16, 16], "texture": "#3"},
				"west": {"uv": [8, 8, 16, 16], "texture": "#3"},
				"up": {"uv": [8, 8, 16, 16], "texture": "#3"},
				"down": {"uv": [8, 8, 16, 16], "texture": "#3"}
			}
		},
		{
			"from": [2, 7, 13],
			"to": [13, 8, 14],
			"rotation": {"angle": 45, "axis": "y", "origin": [8, 10, 8]},
			"faces": {
				"north": {"uv": [8, 8, 16, 16], "texture": "#3"},
				"east": {"uv": [8, 8, 16, 16], "texture": "#3"},
				"south": {"uv": [8, 8, 16, 16], "texture": "#3"},
				"west": {"uv": [8, 8, 16, 16], "texture": "#3"},
				"up": {"uv": [8, 8, 16, 16], "texture": "#3"},
				"down": {"uv": [8, 8, 16, 16], "texture": "#3"}
			}
		},
		{
			"from": [13, 7, 3],
			"to": [14, 8, 14],
			"rotation": {"angle": 45, "axis": "y", "origin": [8, 10, 8]},
			"faces": {
				"north": {"uv": [8, 8, 16, 16], "texture": "#3"},
				"east": {"uv": [8, 8, 16, 16], "texture": "#3"},
				"south": {"uv": [8, 8, 16, 16], "texture": "#3"},
				"west": {"uv": [8, 8, 16, 16], "texture": "#3"},
				"up": {"uv": [8, 8, 16, 16], "texture": "#3"},
				"down": {"uv": [8, 8, 16, 16], "texture": "#3"}
			}
		},
		{
			"from": [3, 7, 2],
			"to": [14, 8, 3],
			"rotation": {"angle": 45, "axis": "y", "origin": [8, 10, 8]},
			"faces": {
				"north": {"uv": [8, 8, 16, 16], "texture": "#3"},
				"east": {"uv": [8, 8, 16, 16], "texture": "#3"},
				"south": {"uv": [8, 8, 16, 16], "texture": "#3"},
				"west": {"uv": [8, 8, 16, 16], "texture": "#3"},
				"up": {"uv": [8, 8, 16, 16], "texture": "#3"},
				"down": {"uv": [8, 8, 16, 16], "texture": "#3"}
			}
		},
		{
			"from": [2, 7, 13],
			"to": [13, 8, 14],
			"rotation": {"angle": -22.5, "axis": "y", "origin": [8, 10, 8]},
			"faces": {
				"north": {"uv": [8, 0, 16, 8], "texture": "#3"},
				"east": {"uv": [8, 0, 16, 8], "texture": "#3"},
				"south": {"uv": [8, 0, 16, 8], "texture": "#3"},
				"west": {"uv": [8, 0, 16, 8], "texture": "#3"},
				"up": {"uv": [8, 0, 16, 8], "texture": "#3"},
				"down": {"uv": [8, 0, 16, 8], "texture": "#3"}
			}
		},
		{
			"from": [13, 7, 3],
			"to": [14, 8, 14],
			"rotation": {"angle": -22.5, "axis": "y", "origin": [8, 10, 8]},
			"faces": {
				"north": {"uv": [8, 0, 16, 8], "texture": "#3"},
				"east": {"uv": [8, 0, 16, 8], "texture": "#3"},
				"south": {"uv": [8, 0, 16, 8], "texture": "#3"},
				"west": {"uv": [8, 0, 16, 8], "texture": "#3"},
				"up": {"uv": [8, 0, 16, 8], "texture": "#3"},
				"down": {"uv": [8, 0, 16, 8], "texture": "#3"}
			}
		},
		{
			"from": [3, 7, 2],
			"to": [14, 8, 3],
			"rotation": {"angle": -22.5, "axis": "y", "origin": [8, 10, 8]},
			"faces": {
				"north": {"uv": [8, 0, 16, 8], "texture": "#3"},
				"east": {"uv": [8, 0, 16, 8], "texture": "#3"},
				"south": {"uv": [8, 0, 16, 8], "texture": "#3"},
				"west": {"uv": [8, 0, 16, 8], "texture": "#3"},
				"up": {"uv": [8, 0, 16, 8], "texture": "#3"},
				"down": {"uv": [8, 0, 16, 8], "texture": "#3"}
			}
		},
		{
			"from": [2, 7, 2],
			"to": [3, 8, 13],
			"rotation": {"angle": -22.5, "axis": "y", "origin": [8, 10, 8]},
			"faces": {
				"north": {"uv": [8, 0, 16, 8], "texture": "#3"},
				"east": {"uv": [8, 0, 16, 8], "texture": "#3"},
				"south": {"uv": [8, 0, 16, 8], "texture": "#3"},
				"west": {"uv": [8, 0, 16, 8], "texture": "#3"},
				"up": {"uv": [8, 0, 16, 8], "texture": "#3"},
				"down": {"uv": [8, 0, 16, 8], "texture": "#3"}
			}
		}
	],
	"groups": [0, 1, 2,
		{
			"name": "obsidian_light0",
			"origin": [8, 8, 8],
			"children": [3, 4, 5, 6]
		},
		{
			"name": "obsidian_light1",
			"origin": [8, 8, 8],
			"children": [7, 8, 9, 10]
		},
		{
			"name": "obsidian_light2",
			"origin": [8, 8, 8],
			"children": [11, 12, 13, 14]
		},
		{
			"name": "obsidian_light3",
			"origin": [8, 8, 8],
			"children": [15, 16, 17, 18]
		}
	]
}