{
	"credit": "Made by arKanSMC with blockbench",
	"parent": "block/block",
	"textures": {
		"log": "block/campfire_log",
		"particle": "block/campfire_log",
		"litlog": "block/campfire_log_lit",
		"fire": "block/campfire_fire"
	},
	"elements": [
		{
			"from": [0, 0, 0],
			"to": [4, 4, 16],
			"faces": {
				"north": {"uv": [0, 4, 4, 8], "rotation": 180, "texture": "#log", "cullface": "north"},
				"east": {"uv": [16, 8, 0, 11.999], "texture": "#litlog"},
				"south": {"uv": [0, 4, 4, 8], "rotation": 180, "texture": "#log", "cullface": "south"},
				"west": {"uv": [0, 0, 16, 4], "rotation": 180, "texture": "#litlog"},
				"up": {"uv": [0, 4, 16, 8], "rotation": 270, "texture": "#litlog", "cullface": "down"},
				"down": {"uv": [0, 0, 16, 4], "rotation": 270, "texture": "#log"}
			}
		},
		{
			"from": [0, 4, 11],
			"to": [16, 8, 15],
			"faces": {
				"north": {"uv": [16, 4, 0, 8], "rotation": 180, "texture": "#litlog"},
				"east": {"uv": [0, 4, 4, 8], "texture": "#log", "cullface": "east"},
				"south": {"uv": [0, 0, 16, 4], "texture": "#log"},
				"west": {"uv": [0, 4, 4, 8], "texture": "#log", "cullface": "west"},
				"up": {"uv": [0, 0, 16, 4], "rotation": 180, "texture": "#litlog"},
				"down": {"uv": [0, 8, 16, 11.999], "rotation": 180, "texture": "#litlog"}
			}
		},
		{
			"from": [12, 0, 0],
			"to": [16, 4, 16],
			"faces": {
				"north": {"uv": [0, 4, 4, 8], "rotation": 180, "texture": "#log", "cullface": "north"},
				"east": {"uv": [16, 0, 0, 4], "rotation": 180, "texture": "#litlog"},
				"south": {"uv": [0, 4, 4, 8], "rotation": 180, "texture": "#log", "cullface": "south"},
				"west": {"uv": [0, 8, 16, 11.999], "texture": "#litlog"},
				"up": {"uv": [0, 4, 16, 8], "rotation": 270, "texture": "#litlog", "cullface": "down"},
				"down": {"uv": [0, 0, 16, 4], "rotation": 270, "texture": "#log"}
			}
		},
		{
			"from": [0, 4, 1],
			"to": [16, 8, 5],
			"faces": {
				"north": {"uv": [0, 0, 16, 4], "texture": "#log"},
				"east": {"uv": [0, 4, 4, 8], "texture": "#log", "cullface": "east"},
				"south": {"uv": [16, 4, 0, 8], "rotation": 180, "texture": "#litlog"},
				"west": {"uv": [0, 4, 4, 8], "texture": "#log", "cullface": "west"},
				"up": {"uv": [0, 0, 16, 4], "texture": "#litlog"},
				"down": {"uv": [0, 8, 16, 11.999], "texture": "#litlog"}
			}
		},
		{
			"from": [0.8, 1, 8],
			"to": [15.2, 17, 8],
			"shade": false,
			"rotation": {"angle": 45, "axis": "y", "origin": [8, 8, 8], "rescale": true},
			"faces": {
				"north": {"uv": [0, 0, 16, 16], "texture": "#fire"},
				"south": {"uv": [0, 0, 16, 16], "texture": "#fire"}
			}
		},
		{
			"from": [8, 1, 0.8],
			"to": [8, 17, 15.2],
			"shade": false,
			"rotation": {"angle": 45, "axis": "y", "origin": [8, 8, 8], "rescale": true},
			"faces": {
				"east": {"uv": [0, 0, 16, 16], "texture": "#fire"},
				"west": {"uv": [0, 0, 16, 16], "texture": "#fire"}
			}
		}
	],
	"display": {
		"head": {
			"translation": [0, 10.5, 0]
		}
	}
}