{
	"credit": "Made with Blockbench",
	"ambientocclusion": false,
	"textures": {
		"particle": "#rail"
	},
	"elements": [
		{
			"from": [11, 0, 11],
			"to": [13, 1, 13],
			"rotation": {"angle": 0, "axis": "y", "origin": [21, 8, 20]},
			"faces": {
				"north": {"uv": [12, 11, 13.999, 11.999], "texture": "#rail"},
				"east": {"uv": [11, 11, 12.999, 11.999], "texture": "#rail"},
				"south": {"uv": [11, 12, 12.998, 12.999], "texture": "#rail"},
				"west": {"uv": [10, 12, 11.999, 13], "texture": "#rail"},
				"up": {"uv": [11, 11, 12.999, 12.999], "texture": "#rail"},
				"down": {"uv": [11, 11, 12.999, 12.999], "rotation": 270, "texture": "#rail"}
			}
		},
		{
			"from": [10, 0, 10],
			"to": [12, 1, 12],
			"rotation": {"angle": 0, "axis": "y", "origin": [20, 8, 19]},
			"faces": {
				"north": {"uv": [11, 10, 12.998, 11], "texture": "#rail"},
				"east": {"uv": [10, 10, 11.999, 11], "texture": "#rail"},
				"south": {"uv": [10, 11, 11.999, 11.999], "texture": "#rail"},
				"west": {"uv": [9, 11, 10.998, 11.999], "texture": "#rail"},
				"up": {"uv": [10, 10, 11.999, 11.999], "texture": "#rail"},
				"down": {"uv": [10, 10, 11.999, 11.999], "rotation": 270, "texture": "#rail"}
			}
		},
		{
			"from": [9, 0, 9],
			"to": [11, 1, 11],
			"rotation": {"angle": 0, "axis": "y", "origin": [19, 8, 18]},
			"faces": {
				"north": {"uv": [10, 9, 11.999, 9.998], "texture": "#rail"},
				"east": {"uv": [9, 9, 10.999, 9.999], "texture": "#rail"},
				"south": {"uv": [9, 10, 10.999, 11], "texture": "#rail"},
				"west": {"uv": [8, 10, 9.998, 11], "texture": "#rail"},
				"up": {"uv": [9, 9, 10.999, 10.999], "texture": "#rail"},
				"down": {"uv": [9, 9, 10.999, 10.999], "rotation": 270, "texture": "#rail"}
			}
		},
		{
			"from": [8, 0, 8],
			"to": [10, 1, 10],
			"rotation": {"angle": 0, "axis": "y", "origin": [18, 8, 17]},
			"faces": {
				"north": {"uv": [9, 8, 10.998, 9], "texture": "#rail"},
				"east": {"uv": [8, 8, 9.999, 9], "texture": "#rail"},
				"south": {"uv": [8, 9, 9.999, 9.999], "texture": "#rail"},
				"west": {"uv": [7, 9, 8.999, 9.998], "texture": "#rail"},
				"up": {"uv": [8, 8, 9.998, 9.998], "texture": "#rail"},
				"down": {"uv": [8, 8, 9.998, 9.998], "rotation": 270, "texture": "#rail"}
			}
		},
		{
			"from": [7, 0, 7],
			"to": [9, 1, 9],
			"rotation": {"angle": 0, "axis": "y", "origin": [17, 8, 16]},
			"faces": {
				"north": {"uv": [8, 7, 9.999, 8], "texture": "#rail"},
				"east": {"uv": [7, 7, 9, 8], "texture": "#rail"},
				"south": {"uv": [7, 8, 8.999, 9], "texture": "#rail"},
				"west": {"uv": [6, 8, 7.998, 9], "texture": "#rail"},
				"up": {"uv": [7, 7, 9, 9], "texture": "#rail"},
				"down": {"uv": [7, 7, 9, 9], "rotation": 270, "texture": "#rail"}
			}
		},
		{
			"from": [6, 0, 6],
			"to": [8, 1, 8],
			"rotation": {"angle": 0, "axis": "y", "origin": [16, 8, 15]},
			"faces": {
				"north": {"uv": [8, 7, 9.999, 8], "texture": "#rail"},
				"east": {"uv": [7, 7, 9, 8], "texture": "#rail"},
				"south": {"uv": [7, 8, 9, 9], "texture": "#rail"},
				"west": {"uv": [6, 8, 7.999, 9], "texture": "#rail"},
				"up": {"uv": [6, 6, 7.999, 7.999], "texture": "#rail"},
				"down": {"uv": [6, 6, 7.999, 7.999], "rotation": 270, "texture": "#rail"}
			}
		},
		{
			"from": [5, 0, 5],
			"to": [7, 1, 7],
			"rotation": {"angle": 0, "axis": "y", "origin": [15, 8, 14]},
			"faces": {
				"north": {"uv": [5, 5, 5.999, 6.999], "rotation": 90, "texture": "#rail"},
				"east": {"uv": [5.998, 4.999, 6.998, 6.999], "rotation": 90, "texture": "#rail"},
				"south": {"uv": [5, 6, 6.999, 6.999], "texture": "#rail"},
				"west": {"uv": [5, 5, 6.999, 6], "texture": "#rail"},
				"up": {"uv": [5, 5, 7, 7], "texture": "#rail"},
				"down": {"uv": [5, 5, 7, 7], "rotation": 270, "texture": "#rail"}
			}
		},
		{
			"from": [12, 0, 12],
			"to": [14, 1, 14],
			"rotation": {"angle": 0, "axis": "y", "origin": [22, 8, 21]},
			"faces": {
				"north": {"uv": [12, 13, 13.999, 13.999], "texture": "#rail"},
				"east": {"uv": [0, 0, 2, 1], "texture": "#rail"},
				"south": {"uv": [0, 0, 2, 1], "texture": "#rail"},
				"west": {"uv": [13, 12, 13.999, 13.999], "rotation": 90, "texture": "#rail"},
				"up": {"uv": [12, 12, 13.999, 13.999], "texture": "#rail"},
				"down": {"uv": [12, 12, 13.999, 13.999], "rotation": 270, "texture": "#rail"}
			}
		},
		{
			"from": [10, 0, 14],
			"to": [15, 1, 16],
			"rotation": {"angle": 0, "axis": "y", "origin": [22, 8, 23]},
			"faces": {
				"north": {"uv": [10, 14, 15, 15], "rotation": 180, "texture": "#rail"},
				"east": {"uv": [13.999, 14, 14.998, 16], "rotation": 90, "texture": "#rail"},
				"south": {"uv": [10, 15, 14.999, 16], "texture": "#rail"},
				"west": {"uv": [10, 14, 10.999, 16], "rotation": 270, "texture": "#rail"},
				"up": {"uv": [10, 14, 15, 16], "texture": "#rail"},
				"down": {"uv": [14, 10, 16, 14.999], "rotation": 270, "texture": "#rail"}
			}
		},
		{
			"from": [7, 0, 13],
			"to": [10, 1, 15],
			"rotation": {"angle": 0, "axis": "y", "origin": [17, 8, 22]},
			"faces": {
				"north": {"uv": [7, 13, 10, 13.999], "texture": "#rail"},
				"east": {"uv": [9, 13, 9.998, 14.999], "rotation": 90, "texture": "#rail"},
				"south": {"uv": [7, 14, 10, 15], "texture": "#rail"},
				"west": {"uv": [7, 13, 7.999, 14.999], "rotation": 270, "texture": "#rail"},
				"up": {"uv": [7, 13, 10, 14.999], "texture": "#rail"},
				"down": {"uv": [13, 7, 14.999, 9.998], "rotation": 270, "texture": "#rail"}
			}
		},
		{
			"from": [14, 0, 10],
			"to": [16, 1, 15],
			"rotation": {"angle": 0, "axis": "y", "origin": [23, 8, 22]},
			"faces": {
				"north": {"uv": [14, 10, 16, 11], "texture": "#rail"},
				"east": {"uv": [15, 10, 16, 14.998], "rotation": 90, "texture": "#rail"},
				"south": {"uv": [14, 14, 16, 15], "texture": "#rail"},
				"west": {"uv": [13.999, 9.999, 14.998, 14.998], "rotation": 270, "texture": "#rail"},
				"up": {"uv": [14, 10, 16, 15], "texture": "#rail"},
				"down": {"uv": [10, 14, 14.999, 16], "rotation": 270, "texture": "#rail"}
			}
		},
		{
			"from": [13, 0, 7],
			"to": [15, 1, 10],
			"rotation": {"angle": 0, "axis": "y", "origin": [22, 8, 17]},
			"faces": {
				"north": {"uv": [13, 7, 14.999, 8], "texture": "#rail"},
				"east": {"uv": [13.999, 6.999, 14.999, 9.998], "rotation": 90, "texture": "#rail"},
				"south": {"uv": [13, 9, 14.999, 9.999], "texture": "#rail"},
				"west": {"uv": [13, 7, 13.999, 9.999], "rotation": 270, "texture": "#rail"},
				"up": {"uv": [13, 7, 14.999, 10], "texture": "#rail"},
				"down": {"uv": [7, 13, 9.998, 14.999], "rotation": 270, "texture": "#rail"}
			}
		},
		{
			"from": [12, 0, 3],
			"to": [14, 1, 7],
			"rotation": {"angle": 0, "axis": "y", "origin": [21, 8, 14]},
			"faces": {
				"north": {"uv": [12, 3, 13.999, 4], "texture": "#rail"},
				"east": {"uv": [13, 3, 13.999, 6.999], "rotation": 90, "texture": "#rail"},
				"south": {"uv": [12, 6, 13.999, 6.999], "texture": "#rail"},
				"west": {"uv": [12, 3, 12.999, 6.999], "rotation": 270, "texture": "#rail"},
				"up": {"uv": [12, 3, 13.999, 6.999], "texture": "#rail"},
				"down": {"uv": [3, 12, 6.998, 13.999], "rotation": 270, "texture": "#rail"}
			}
		},
		{
			"from": [11, 0, 1],
			"to": [13, 1, 4],
			"rotation": {"angle": 0, "axis": "y", "origin": [20, 8, 12]},
			"faces": {
				"north": {"uv": [11, 1, 12.999, 2], "texture": "#rail"},
				"east": {"uv": [12, 1, 13, 3.999], "rotation": 90, "texture": "#rail"},
				"south": {"uv": [11, 3, 12.999, 4], "texture": "#rail"},
				"west": {"uv": [11, 1, 11.999, 3.999], "rotation": 270, "texture": "#rail"},
				"up": {"uv": [11, 1, 13, 4], "texture": "#rail"},
				"down": {"uv": [1, 11, 3.999, 12.999], "rotation": 270, "texture": "#rail"}
			}
		},
		{
			"from": [3, 0, 12],
			"to": [7, 1, 14],
			"rotation": {"angle": 0, "axis": "y", "origin": [14, 8, 21]},
			"faces": {
				"north": {"uv": [3, 12, 6.999, 13], "rotation": 180, "texture": "#rail"},
				"east": {"uv": [6, 12, 6.999, 13.999], "rotation": 90, "texture": "#rail"},
				"south": {"uv": [3, 13, 6.999, 13.999], "texture": "#rail"},
				"west": {"uv": [2.999, 11.999, 3.999, 13.999], "rotation": 270, "texture": "#rail"},
				"up": {"uv": [3, 12, 6.999, 13.999], "texture": "#rail"},
				"down": {"uv": [12, 3, 13.999, 6.998], "rotation": 270, "texture": "#rail"}
			}
		},
		{
			"from": [1, 0, 11],
			"to": [4, 1, 13],
			"rotation": {"angle": 0, "axis": "y", "origin": [12, 8, 20]},
			"faces": {
				"north": {"uv": [1, 11, 4, 11.999], "rotation": 180, "texture": "#rail"},
				"east": {"uv": [3, 11, 3.999, 12.999], "rotation": 90, "texture": "#rail"},
				"south": {"uv": [1, 12, 4, 13], "texture": "#rail"},
				"west": {"uv": [1, 11, 1.998, 12.999], "rotation": 270, "texture": "#rail"},
				"up": {"uv": [1, 11, 4, 13], "texture": "#rail"},
				"down": {"uv": [11, 1, 12.999, 3.999], "rotation": 270, "texture": "#rail"}
			}
		},
		{
			"from": [2, 1, 12],
			"to": [4, 2, 16],
			"rotation": {"angle": 0, "axis": "y", "origin": [10, 8, 23]},
			"faces": {
				"north": {"uv": [2, 12, 3.999, 13], "rotation": 180, "texture": "#rail"},
				"east": {"uv": [3, 12, 3.999, 16], "texture": "#rail"},
				"south": {"uv": [2, 15, 3.999, 16], "texture": "#rail"},
				"west": {"uv": [2, 12, 2.999, 16], "rotation": 90, "texture": "#rail"},
				"up": {"uv": [2, 12, 3.999, 16], "texture": "#rail"},
				"down": {"uv": [12, 2, 15.999, 3.999], "rotation": 270, "texture": "#rail"}
			}
		},
		{
			"from": [12, 1, 14],
			"to": [14, 2, 16],
			"rotation": {"angle": 0, "axis": "y", "origin": [20, 8, 23]},
			"faces": {
				"north": {"uv": [12, 14, 13.999, 15], "rotation": 180, "texture": "#rail"},
				"east": {"uv": [13, 14, 13.999, 16], "rotation": 90, "texture": "#rail"},
				"south": {"uv": [12, 15, 13.999, 16], "texture": "#rail"},
				"west": {"uv": [12, 14, 12.999, 16], "rotation": 270, "texture": "#rail"},
				"up": {"uv": [12, 14, 13.999, 16], "texture": "#rail"},
				"down": {"uv": [0, 0, 0, 0], "texture": "#rail"}
			}
		},
		{
			"from": [14, 1, 12],
			"to": [16, 2, 14],
			"rotation": {"angle": 0, "axis": "y", "origin": [22, 8, 21]},
			"faces": {
				"north": {"uv": [14, 12, 16, 13], "rotation": 180, "texture": "#rail"},
				"east": {"uv": [14.999, 11.999, 15.999, 13.999], "rotation": 90, "texture": "#rail"},
				"south": {"uv": [14, 13, 16, 13.999], "texture": "#rail"},
				"west": {"uv": [14, 12, 14.999, 13.999], "rotation": 270, "texture": "#rail"},
				"up": {"uv": [14, 12, 16, 13.999], "texture": "#rail"},
				"down": {"uv": [0, 0, 0, 0], "texture": "#rail"}
			}
		},
		{
			"from": [13, 1, 13],
			"to": [14, 2, 14],
			"rotation": {"angle": 0, "axis": "y", "origin": [20, 8, 21]},
			"faces": {
				"north": {"uv": [13, 13, 13.999, 13.999], "texture": "#rail"},
				"east": {"uv": [0, 0, 0, 0], "texture": "#rail"},
				"south": {"uv": [0, 0, 0, 0], "texture": "#rail"},
				"west": {"uv": [13, 13, 13.999, 13.999], "texture": "#rail"},
				"up": {"uv": [13, 13, 13.999, 13.999], "texture": "#rail"},
				"down": {"uv": [0, 0, 0, 0], "texture": "#rail"}
			}
		},
		{
			"from": [3, 1, 10],
			"to": [5, 2, 12],
			"rotation": {"angle": 0, "axis": "y", "origin": [11, 8, 19]},
			"faces": {
				"north": {"uv": [3, 10, 4.999, 11], "rotation": 180, "texture": "#rail"},
				"east": {"uv": [4, 10, 4.999, 11.999], "rotation": 90, "texture": "#rail"},
				"south": {"uv": [3, 11, 4.999, 11.999], "texture": "#rail"},
				"west": {"uv": [3, 10, 3.999, 11.999], "rotation": 90, "texture": "#rail"},
				"up": {"uv": [3, 10, 4.999, 11.999], "texture": "#rail"},
				"down": {"uv": [10, 3, 11.999, 4.999], "rotation": 270, "texture": "#rail"}
			}
		},
		{
			"from": [4, 1, 8],
			"to": [6, 2, 10],
			"rotation": {"angle": 0, "axis": "y", "origin": [12, 8, 17]},
			"faces": {
				"north": {"uv": [4, 8, 5.999, 9], "rotation": 180, "texture": "#rail"},
				"east": {"uv": [5, 8, 5.999, 9.999], "texture": "#rail"},
				"south": {"uv": [4, 9, 5.999, 9.999], "texture": "#rail"},
				"west": {"uv": [4, 8, 4.999, 9.999], "rotation": 90, "texture": "#rail"},
				"up": {"uv": [4, 8, 5.999, 9.999], "texture": "#rail"},
				"down": {"uv": [8, 4, 9.999, 5.999], "rotation": 270, "texture": "#rail"}
			}
		},
		{
			"from": [5, 1, 7],
			"to": [7, 2, 8],
			"rotation": {"angle": 0, "axis": "y", "origin": [13, 8, 15]},
			"faces": {
				"north": {"uv": [5, 7, 6.999, 8], "rotation": 180, "texture": "#rail"},
				"east": {"uv": [6, 7, 6.999, 8], "texture": "#rail"},
				"south": {"uv": [5, 7, 6.999, 8], "texture": "#rail"},
				"west": {"uv": [5, 7, 6, 8], "rotation": 90, "texture": "#rail"},
				"up": {"uv": [5, 7, 6.999, 8], "texture": "#rail"},
				"down": {"uv": [7, 5, 7.999, 6.999], "rotation": 270, "texture": "#rail"}
			}
		},
		{
			"from": [6, 1, 6],
			"to": [8, 2, 7],
			"rotation": {"angle": 0, "axis": "y", "origin": [14, 8, 14]},
			"faces": {
				"north": {"uv": [6, 6, 7.999, 6.999], "rotation": 180, "texture": "#rail"},
				"east": {"uv": [7, 6, 8, 6.999], "texture": "#rail"},
				"south": {"uv": [6, 6, 7.999, 6.999], "texture": "#rail"},
				"west": {"uv": [6, 6, 6.999, 6.999], "rotation": 90, "texture": "#rail"},
				"up": {"uv": [6, 6, 7.999, 6.999], "texture": "#rail"},
				"down": {"uv": [0, 0, 0, 0], "texture": "#rail"}
			}
		},
		{
			"from": [7, 1, 5],
			"to": [10, 2, 6],
			"rotation": {"angle": 0, "axis": "y", "origin": [15, 8, 13]},
			"faces": {
				"north": {"uv": [7, 5, 10, 6], "rotation": 180, "texture": "#rail"},
				"east": {"uv": [9, 5, 9.999, 6], "texture": "#rail"},
				"south": {"uv": [7, 5, 10, 6], "texture": "#rail"},
				"west": {"uv": [7, 5, 8, 6], "rotation": 90, "texture": "#rail"},
				"up": {"uv": [7, 5, 10, 6], "texture": "#rail"},
				"down": {"uv": [5, 6.999, 5.999, 9.998], "rotation": 270, "texture": "#rail"}
			}
		},
		{
			"from": [8, 1, 4],
			"to": [12, 2, 5],
			"rotation": {"angle": 0, "axis": "y", "origin": [16, 8, 12]},
			"faces": {
				"north": {"uv": [8, 4, 11.999, 4.999], "rotation": 180, "texture": "#rail"},
				"east": {"uv": [11, 4, 11.999, 4.999], "texture": "#rail"},
				"south": {"uv": [8, 4, 11.999, 4.999], "texture": "#rail"},
				"west": {"uv": [8, 4, 9, 4.999], "rotation": 90, "texture": "#rail"},
				"up": {"uv": [8, 4, 11.999, 4.999], "texture": "#rail"},
				"down": {"uv": [4, 8, 4.999, 11.999], "rotation": 270, "texture": "#rail"}
			}
		},
		{
			"from": [10, 1, 3],
			"to": [16, 2, 4],
			"rotation": {"angle": 0, "axis": "y", "origin": [18, 8, 11]},
			"faces": {
				"north": {"uv": [10, 3, 16, 4], "rotation": 180, "texture": "#rail"},
				"east": {"uv": [15, 3, 16, 4], "texture": "#rail"},
				"south": {"uv": [10, 3, 16, 4], "texture": "#rail"},
				"west": {"uv": [10, 3, 11, 4], "rotation": 90, "texture": "#rail"},
				"up": {"uv": [10, 3, 16, 4], "texture": "#rail"},
				"down": {"uv": [3, 10, 3.999, 16], "rotation": 270, "texture": "#rail"}
			}
		},
		{
			"from": [12, 1, 2],
			"to": [16, 2, 3],
			"rotation": {"angle": 0, "axis": "y", "origin": [20, 8, 10]},
			"faces": {
				"north": {"uv": [12, 2, 16, 2.999], "texture": "#rail"},
				"east": {"uv": [15, 2, 16, 2.999], "texture": "#rail"},
				"south": {"uv": [0, 0, 0, 0], "texture": "#rail"},
				"west": {"uv": [12, 2, 13, 2.999], "rotation": 90, "texture": "#rail"},
				"up": {"uv": [12, 2, 16, 2.999], "texture": "#rail"},
				"down": {"uv": [2, 12, 2.999, 16], "texture": "#rail"}
			}
		}
	],
	"groups": [
		{
			"name": "Wood",
			"origin": [12, 8, 20],
			"children": [0, 1, 2, 3, 4, 5, 6, 7, 8, 9, 10, 11, 12, 13, 14, 15]
		},
		{
			"name": "Iron",
			"origin": [8, 8, 8],
			"children": [16, 17, 18, 19, 20, 21, 22, 23, 24, 25, 26, 27]
		}
	]
}